electronic;05-11-2020 22:14
RnB;05-11-2020 01:14
rock;07-11-2020 20:17
reggae;08-11-2020 10:59
détente;08-11-2020 12:11
blues;09-11-2020 13:33
Metal;13-11-2020 22:37
Soul;13-11-2020 22:59
reggae;13-11-2020 23:22
electronic;15-11-2020 21:56
RnB;15-11-2020 22:50
rock;16-11-2020 17:43
Soul;17-11-2020 9:17
reggae;17-11-2020 10:22
détente;17-11-2020 11:41
Metal;17-11-2020 23:18
Jazz;23-11-2020 16:30
Nuit;24-11-2020 22:58
Funk;25-11-2020 16:15
electronic;03-12-2020 16:53
zen;03-12-2020 16:54
soul;03-12-2020 16:06
reggae;03-12-2020 17:08
